Year,Total Deaths
2003,651207.7
2004,637431.3
2005,631941.2
2006,621029.2000000001
2007,611549.4
2008,601524.0
2009,591498.6
2010,586281.3
2011,577483.5
2012,570697.6000000001
2013,561388.2999999999
2014,556273.2999999999
2015,548805.4
2016,540212.2
2017,529982.2
2018,519240.7
2019,509385.8
2020,502361.19999999995
2021,497280.30000000005
2022,489676.0
